{"cells": [{"id": 6, "tex": "\u5e94\u6536\u878d\u8d44\u79df\u8d41\u5229\u606f", "start_row": 2, "end_row": 2, "start_col": 0, "end_col": 0}, {"id": 11, "tex": "\u5e94\u6536\u59d4\u6258\u8d37\u6b3e\u5229\u606f", "start_row": 3, "end_row": 3, "start_col": 0, "end_col": 0}, {"id": 16, "tex": "\u5e94\u6536\u53ef\u4f9b\u51fa\u552e\u91d1\u878d\u8d44\u4ea7\u5229\u606f", "start_row": 4, "end_row": 4, "start_col": 0, "end_col": 0}, {"id": 21, "tex": "\u5e94\u6536\u4fdd\u7406\u5229\u606f", "start_row": 5, "end_row": 5, "start_col": 0, "end_col": 0}, {"id": 26, "tex": "\u5e94\u6536\u94f6\u884c\u5b58\u6b3e\u5229\u606f", "start_row": 6, "end_row": 6, "start_col": 0, "end_col": 0}, {"id": 31, "tex": "\u5e94\u6536\u5206\u671f\u9500\u552e\u5229\u606f", "start_row": 7, "end_row": 7, "start_col": 0, "end_col": 0}, {"id": 34, "tex": "\u5e94\u6536\u5173\u8054\u65b9\u501f\u6b3e\u5229\u606f", "start_row": 8, "end_row": 8, "start_col": 0, "end_col": 0}, {"id": 0, "tex": "\u672c\u96c6\u56e2", "start_row": 0, "end_row": 0, "start_col": 1, "end_col": 3}, {"id": 1, "tex": "\u672c\u516c\u53f8", "start_row": 0, "end_row": 0, "start_col": 4, "end_col": 4}, {"id": 2, "tex": "2017\u5e7412\u670831\u65e5", "start_row": 1, "end_row": 1, "start_col": 1, "end_col": 1}, {"id": 3, "tex": "2016\u5e7412\u670831\u65e5", "start_row": 1, "end_row": 1, "start_col": 2, "end_col": 2}, {"id": 4, "tex": "2017\u5e7412\u670831\u65e5", "start_row": 1, "end_row": 1, "start_col": 4, "end_col": 4}, {"id": 5, "tex": "2016\u5e7412\u670831\u65e5", "start_row": 1, "end_row": 1, "start_col": 3, "end_col": 3}, {"id": 37, "tex": "1,284,077,690", "start_row": 9, "end_row": 9, "start_col": 1, "end_col": 1}, {"id": 38, "tex": "669,155,127", "start_row": 9, "end_row": 9, "start_col": 2, "end_col": 2}, {"id": 39, "tex": "1,421,988,495", "start_row": 9, "end_row": 9, "start_col": 4, "end_col": 4}, {"id": 40, "tex": "716,669,482", "start_row": 9, "end_row": 9, "start_col": 3, "end_col": 3}, {"id": 35, "tex": "374,371,388", "start_row": 8, "end_row": 8, "start_col": 4, "end_col": 4}, {"id": 36, "tex": "57,776,370", "start_row": 8, "end_row": 8, "start_col": 3, "end_col": 3}, {"id": 32, "tex": "3,573,109", "start_row": 7, "end_row": 7, "start_col": 1, "end_col": 1}, {"id": 33, "tex": "1,518,046", "start_row": 7, "end_row": 7, "start_col": 2, "end_col": 2}, {"id": 27, "tex": "49,542,622", "start_row": 6, "end_row": 6, "start_col": 1, "end_col": 1}, {"id": 28, "tex": "23,800,626", "start_row": 6, "end_row": 6, "start_col": 2, "end_col": 2}, {"id": 29, "tex": "49,475,159", "start_row": 6, "end_row": 6, "start_col": 4, "end_col": 4}, {"id": 30, "tex": "22,621,702", "start_row": 6, "end_row": 6, "start_col": 3, "end_col": 3}, {"id": 22, "tex": "61,188,731", "start_row": 5, "end_row": 5, "start_col": 1, "end_col": 1}, {"id": 23, "tex": "32,464,717", "start_row": 5, "end_row": 5, "start_col": 2, "end_col": 2}, {"id": 24, "tex": "39,816,330", "start_row": 5, "end_row": 5, "start_col": 4, "end_col": 4}, {"id": 25, "tex": "20,464,223", "start_row": 5, "end_row": 5, "start_col": 3, "end_col": 3}, {"id": 17, "tex": "201,487,138", "start_row": 4, "end_row": 4, "start_col": 1, "end_col": 1}, {"id": 18, "tex": "20,960,691", "start_row": 4, "end_row": 4, "start_col": 2, "end_col": 2}, {"id": 19, "tex": "201,487,138", "start_row": 4, "end_row": 4, "start_col": 4, "end_col": 4}, {"id": 20, "tex": "20,960,691", "start_row": 4, "end_row": 4, "start_col": 3, "end_col": 3}, {"id": 12, "tex": "239,674,603", "start_row": 3, "end_row": 3, "start_col": 1, "end_col": 1}, {"id": 13, "tex": "71,123,951", "start_row": 3, "end_row": 3, "start_col": 2, "end_col": 2}, {"id": 14, "tex": "202,537,723", "start_row": 3, "end_row": 3, "start_col": 4, "end_col": 4}, {"id": 15, "tex": "129,374,905", "start_row": 3, "end_row": 3, "start_col": 3, "end_col": 3}, {"id": 7, "tex": "728,611,487", "start_row": 2, "end_row": 2, "start_col": 1, "end_col": 1}, {"id": 8, "tex": "519,287,096", "start_row": 2, "end_row": 2, "start_col": 2, "end_col": 2}, {"id": 9, "tex": "554,300,757", "start_row": 2, "end_row": 2, "start_col": 4, "end_col": 4}, {"id": 10, "tex": "465,471,591", "start_row": 2, "end_row": 2, "start_col": 3, "end_col": 3}]}